City,State,Population,lat,lon,Status,Color
Marysville,Washington,63269,48.0517637,-122.1770818,1,green
Perris,California,72326,33.7825194,-117.2286478,2,yellow
Cleveland,Ohio,390113,41.49932,-81.6943605,3,red
Worcester,Massachusetts,182544,42.2625932,-71.8022934,4,black
Columbia,South Carolina,133358,34.0007104,-81.0348144,1,green
Waterbury,Connecticut,109676,41.5581525,-73.0514965,2,yellow
Eagan,Minnesota,65453,44.8041322,-93.1668858,3,red
Southfield,Michigan,73006,42.4733688,-83.2218731,4,black
Lafayette,Louisiana,124276,30.2240897,-92.0198427,1,green
Boise City,Idaho,214237,43.6187102,-116.2146068,2,yellow
Elkhart,Indiana,51265,41.6819935,-85.9766671,3,red
Buena Park,California,82882,33.8675143,-117.9981181,4,black
Marietta,Georgia,59089,33.952602,-84.5499327,1,green
Parker,Colorado,48608,39.5186002,-104.7613633,2,green
West Palm Beach,Florida,102436,26.7153424,-80.0533746,3,yellow
Salem,Massachusetts,42544,42.51954,-70.8967155,4,red
Aurora,Illinois,199963,41.7605849,-88.3200715,1,black
Leesburg,Virginia,47673,39.1156615,-77.5636015,2,green
Doral,Florida,50213,25.8195424,-80.3553302,3,yellow
Westminster,California,91739,33.7513419,-117.9939921,4,red
Lubbock,Texas,239538,33.5778631,-101.8551665,1,black
Overland Park,Kansas,181260,38.9822282,-94.6707917,2,green
Jackson,Mississippi,172638,32.2987573,-90.1848103,3,yellow
Gastonia,North Carolina,73209,35.262082,-81.1873005,4,red
Daytona Beach,Florida,62316,29.2108147,-81.0228331,1,black
Kansas City,Missouri,467007,39.0997265,-94.5785667,2,green
Rancho Palos Verdes,California,42448,33.7444613,-118.3870173,3,green
Burnsville,Minnesota,61434,44.7677424,-93.2777226,4,yellow
Rowlett,Texas,58043,32.9029017,-96.56388,1,red
Roswell,New Mexico,48611,33.3942655,-104.5230242,2,black
Montgomery,Alabama,201332,32.3668052,-86.2999689,3,green
Logan,Utah,48913,41.7369803,-111.8338359,4,yellow
Woburn,Massachusetts,39083,42.4792618,-71.1522765,1,red
Allentown,Pennsylvania,118577,40.6084305,-75.4901833,2,black
Mount Pleasant,South Carolina,74885,32.8323225,-79.8284258,3,green
Columbus,Georgia,202824,32.4609764,-84.9877094,4,yellow
Buffalo,New York,258959,42.8864468,-78.8783689,1,red
New Berlin,Wisconsin,39834,42.9764027,-88.1084224,2,black
North Richland Hills,Texas,67317,32.8342952,-97.2289029,3,green
Lima,Ohio,38355,40.742551,-84.1052256,4,green
Sacramento,California,479686,38.5815719,-121.4943996,1,yellow
Fort Smith,Arkansas,87650,35.3859242,-94.3985475,2,red
East Providence,Rhode Island,47149,41.8137116,-71.3700545,3,black
Urbandale,Iowa,41776,41.6266555,-93.7121656,4,green
Mount Vernon,New York,68224,40.9125992,-73.8370786,1,yellow
Lakewood,Colorado,147214,39.7047095,-105.0813734,2,red
Henderson,Nevada,270811,36.0395247,-114.9817213,3,black
Covina,California,48508,34.0900091,-117.8903397,4,green
Stamford,Connecticut,126456,41.0534302,-73.5387341,1,yellow
Bloomington,Indiana,82575,39.165325,-86.5263857,2,red
Kingsport,Tennessee,52962,36.548434,-82.5618186,3,black
Spokane,Washington,210721,47.6587802,-117.4260466,4,green
Kennewick,Washington,76762,46.2112458,-119.1372338,1,green
Philadelphia,Pennsylvania,1553165,39.9525839,-75.1652215,2,yellow
Bellingham,Washington,82631,48.74908,-122.4781473,3,red
Visalia,California,127763,36.3302284,-119.2920585,4,black
La Crosse,Wisconsin,51522,43.8013556,-91.2395807,1,green
Council Bluffs,Iowa,61969,41.2619444,-95.8608333,2,yellow
North Lauderdale,Florida,42757,26.217305,-80.2258811,3,red
Dallas,Texas,1257676,32.7766642,-96.7969879,4,black
Antioch,California,107100,38.0049214,-121.805789,1,green
Sterling Heights,Michigan,131224,42.5803122,-83.0302033,2,yellow
Deerfield Beach,Florida,78041,26.3184123,-80.0997657,3,red
Fishers,Indiana,83891,39.9567548,-86.01335,4,black
Cheyenne,Wyoming,62448,41.1399814,-104.8202462,1,green
Murrieta,California,107479,33.5539143,-117.2139232,2,green
Lenexa,Kansas,50344,38.9536174,-94.7335709,3,yellow
Noblesville,Indiana,56540,40.0455917,-86.0085955,4,red
Southaven,Mississippi,50997,34.9889818,-90.0125913,1,black
Chino,California,80988,34.0122346,-117.688944,2,green
Gaithersburg,Maryland,65690,39.1434406,-77.2013705,3,yellow
Fountain Valley,California,56707,33.7091847,-117.9536697,4,red
Frederick,Maryland,66893,39.4142688,-77.4105409,1,black
Greenville,North Carolina,89130,35.612661,-77.3663538,2,green
DeKalb,Illinois,43849,41.9294736,-88.7503647,3,yellow
West Allis,Wisconsin,60697,43.0166806,-88.0070315,4,red
Thornton,Colorado,127359,39.8680412,-104.9719243,1,black
West Des Moines,Iowa,61255,41.5772115,-93.711332,2,green
Fall River,Massachusetts,88697,41.7014912,-71.1550451,3,green
Tulare,California,61170,36.2077288,-119.3473379,4,yellow
Chula Vista,California,256780,32.6400541,-117.0841955,1,red
Coral Springs,Florida,126604,26.271192,-80.2706044,2,black
Concord,North Carolina,83506,35.4087517,-80.579511,3,green
Smyrna,Georgia,53438,33.8839926,-84.5143761,4,yellow
Apopka,Florida,45587,28.6934076,-81.5322149,1,red
Grand Forks,North Dakota,54932,47.9252568,-97.0328547,2,black
Lancaster,Ohio,39325,39.7136754,-82.5993294,3,green
Naperville,Illinois,144864,41.7508391,-88.1535352,4,yellow
Hollywood,Florida,146526,26.0112014,-80.1494901,1,red
Rogers,Arkansas,60112,36.3320196,-94.1185366,2,black
New Orleans,Louisiana,378715,29.9510658,-90.0715323,3,green
Lakewood,Washington,59097,47.1717649,-122.518458,4,green
Oak Lawn,Illinois,57073,41.719978,-87.7479528,1,yellow
Caldwell,Idaho,48957,43.6629384,-116.6873596,2,red
Portland,Oregon,609456,45.5230622,-122.6764816,3,black
Concord,California,125880,37.9779776,-122.0310733,4,green
Burien,Washington,49858,47.4703767,-122.3467918,1,yellow
St. Charles,Missouri,67569,38.7881062,-90.4974359,2,red
Waukesha,Wisconsin,71016,43.0116784,-88.2314813,3,black
Flagstaff,Arizona,68667,35.1982836,-111.651302,4,green
Puyallup,Washington,38609,47.1853785,-122.2928974,1,yellow
Schenectady,New York,65902,42.8142432,-73.9395687,2,red
Denver,Colorado,649495,39.7392358,-104.990251,3,black
Springfield,Illinois,117006,39.7817213,-89.6501481,4,green
Campbell,California,40584,37.2871651,-121.9499568,1,green
Moreno Valley,California,201175,33.9424658,-117.2296717,2,yellow
Kettering,Ohio,55870,39.6895036,-84.1688274,3,red
Lincoln Park,Michigan,37313,42.2505943,-83.1785361,4,black
Lake Havasu City,Arizona,52844,34.483901,-114.3224548,1,green
North Little Rock,Arkansas,66075,34.769536,-92.2670941,2,yellow
Reno,Nevada,233294,39.5296329,-119.8138027,3,red
Littleton,Colorado,44275,39.613321,-105.0166498,4,black
Prescott,Arizona,40590,34.5400242,-112.4685025,1,green
Dublin,California,52105,37.7021521,-121.9357918,2,yellow
Texarkana,Texas,37442,33.425125,-94.0476882,3,red
Portland,Maine,66318,43.661471,-70.2553259,4,black
Brooklyn Park,Minnesota,78373,45.0941315,-93.3563405,1,green
West Haven,Connecticut,55046,41.2705484,-72.9469711,2,green
El Centro,California,43363,32.792,-115.5630514,3,yellow
The Colony,Texas,39458,33.0806083,-96.8928309,4,red
Flint,Michigan,99763,43.0125274,-83.6874562,1,black
Pittsburg,California,66695,38.0279762,-121.8846806,2,green
Buckeye,Arizona,56683,33.3703197,-112.5837766,3,yellow
Brea,California,40963,33.9166805,-117.9000604,4,red
Indio,California,83539,33.7205771,-116.2155619,1,black
Scottsdale,Arizona,226918,33.4941704,-111.9260519,2,green
Columbus,Ohio,822553,39.9611755,-82.9987942,3,yellow
Lancaster,Pennsylvania,59325,40.0378755,-76.3055144,4,red
Lincoln,Nebraska,268738,40.8257625,-96.6851982,1,black
Trenton,New Jersey,84349,40.2170534,-74.7429384,2,green
Boston,Massachusetts,645966,42.3600825,-71.0588801,3,green
Glendora,California,51074,34.1361187,-117.865339,4,yellow
Rochester,Minnesota,110742,44.0121221,-92.4801989,1,red
Florissant,Missouri,52363,38.789217,-90.322614,2,black
Annapolis,Maryland,38722,38.9784453,-76.4921829,3,green
Chapel Hill,North Carolina,59635,35.9131996,-79.0558445,4,yellow
Lawrence,Indiana,47135,39.8386516,-86.0252612,1,red
Calexico,California,39389,32.6789476,-115.4988834,2,black
Calumet City,Illinois,37240,41.6155909,-87.5294871,3,green
Missoula,Montana,69122,46.8787176,-113.996586,4,yellow
Clovis,California,99769,36.8252277,-119.7029194,1,red
Pearland,Texas,100065,29.5635666,-95.2860474,2,black
Gilbert,Arizona,229972,33.3528264,-111.789027,3,green
Wausau,Wisconsin,39309,44.9591352,-89.6301221,4,green
Raleigh,North Carolina,431746,35.7795897,-78.6381787,1,yellow
Orange,California,139969,33.7877944,-117.8531119,2,red
Walnut Creek,California,66900,37.9100783,-122.0651819,3,black
Bremerton,Washington,39056,47.5673202,-122.6329356,4,green
Porterville,California,55174,36.06523,-119.0167679,1,yellow
Marana,Arizona,38290,32.436381,-111.2224422,2,red
Tallahassee,Florida,186411,30.4382559,-84.2807329,3,black
Conroe,Texas,63032,30.3118769,-95.4560512,4,green
Blacksburg,Virginia,43609,37.2295733,-80.4139393,1,yellow
San Antonio,Texas,1409019,29.4241219,-98.4936282,2,red
Hartford,Connecticut,125017,41.7637111,-72.6850932,3,black
Waterloo,Iowa,68366,42.492786,-92.3425775,4,green
Binghamton,New York,46444,42.0986867,-75.9179738,1,green
Meridian,Idaho,83596,43.6121087,-116.3915131,2,yellow
Fond du Lac,Wisconsin,42970,43.7730448,-88.4470508,3,red
Baytown,Texas,75418,29.7355047,-94.9774274,4,black
Cary,North Carolina,151088,35.79154,-78.7811169,1,green
Weymouth Town,Massachusetts,55419,42.2180724,-70.9410356,2,yellow
Tulsa,Oklahoma,398121,36.1539816,-95.992775,3,red
Mission,Texas,81050,26.2159066,-98.3252932,4,black
Cuyahoga Falls,Ohio,49267,41.1339449,-81.4845585,1,green
Malden,Massachusetts,60509,42.4250964,-71.066163,2,yellow
Allen,Texas,92020,33.1031744,-96.6705503,3,red
Tucson,Arizona,526116,32.2217429,-110.926479,4,black
Franklin,Tennessee,68886,35.9250637,-86.8688899,1,green
Shakopee,Minnesota,39167,44.7973962,-93.5272861,2,green
Jacksonville,Florida,842583,30.3321838,-81.655651,3,yellow
Atlantic City,New Jersey,39551,39.3642834,-74.4229266,4,red
Erie,Pennsylvania,100671,42.1292241,-80.085059,1,black
Merced,California,81102,37.3021632,-120.4829677,2,green
Abilene,Texas,120099,32.4487364,-99.7331439,3,yellow
Yorba Linda,California,67032,33.8886259,-117.8131125,4,red
Greenville,South Carolina,61397,34.8526176,-82.3940104,1,black
Huntersville,North Carolina,50458,35.410694,-80.8428504,2,green
St. Clair Shores,Michigan,60070,42.4974085,-82.8963604,3,yellow
Harrisburg,Pennsylvania,49188,40.2731911,-76.8867008,4,red
San Buenaventura (Ventura),California,108817,34.274646,-119.2290316,1,black
Fremont,California,224922,37.5482697,-121.9885719,2,green
Pueblo,Colorado,108249,38.2544472,-104.6091409,3,green
Chelsea,Massachusetts,37670,42.3917638,-71.0328284,4,yellow
Belleville,Illinois,42895,38.5200504,-89.9839935,1,red
Minneapolis,Minnesota,400070,44.977753,-93.2650108,2,black
Bartlett,Tennessee,58226,35.2045328,-89.8739753,3,green
Wichita Falls,Texas,104898,33.9137085,-98.4933873,4,yellow
Missouri City,Texas,70185,29.6185669,-95.5377215,1,red
St. Louis,Missouri,318416,38.6270025,-90.1994042,2,black
Pharr,Texas,73790,26.1947962,-98.1836216,3,green
Albuquerque,New Mexico,556495,35.0853336,-106.6055534,4,yellow
Athens-Clarke County,Georgia,119980,33.9519347,-83.357567,1,red
South Jordan,Utah,59366,40.5621704,-111.929658,2,black
North Las Vegas,Nevada,226877,36.1988592,-115.1175013,3,green
Pomona,California,151348,34.055103,-117.7499909,4,green
Eastvale,California,55191,33.952463,-117.5848025,1,yellow
Grove City,Ohio,37490,39.8814519,-83.0929644,2,red
Lawrence,Kansas,90811,38.9716689,-95.2352501,3,black
Midland,Texas,123933,31.9973456,-102.0779146,4,green
Oklahoma City,Oklahoma,610613,35.4675602,-97.5164276,1,yellow
Oro Valley,Arizona,41627,32.3909071,-110.966488,2,red
Mesa,Arizona,457587,33.4151843,-111.8314724,3,black
Norwalk,Connecticut,87776,41.117744,-73.4081575,4,green
Kentwood,Michigan,50233,42.8694731,-85.6447492,1,yellow
Brookfield,Wisconsin,37999,43.0605671,-88.1064787,2,red
Rockwall,Texas,40922,32.9312336,-96.4597089,3,black
Mishawaka,Indiana,47989,41.6619927,-86.1586156,4,green
Tustin,California,78327,33.7458511,-117.826166,1,green
St. Cloud,Minnesota,66297,45.5579451,-94.1632404,2,yellow
Passaic,New Jersey,70868,40.8567662,-74.1284764,3,red
Escondido,California,148738,33.1192068,-117.086421,4,black
San Bruno,California,42443,37.6304904,-122.4110835,1,green
Berkeley,California,116768,37.8715926,-122.272747,2,yellow
San Clemente,California,65040,33.4269728,-117.6119925,3,red
Lawton,Oklahoma,97151,34.6035669,-98.3959291,4,black
Eau Claire,Wisconsin,67545,44.811349,-91.4984941,1,green
Maricopa,Arizona,45508,33.0581063,-112.0476423,2,yellow
DeSoto,Texas,51483,32.5896998,-96.8570738,3,red
Fort Wayne,Indiana,256496,41.079273,-85.1393513,4,black
Shoreline,Washington,54790,47.7556531,-122.3415178,1,green
Medford,Massachusetts,57170,42.4184296,-71.1061639,2,green
La Habra,California,61653,33.9319578,-117.9461734,3,yellow
Albany,New York,98424,42.6525793,-73.7562317,4,red
Daly City,California,104739,37.6879241,-122.4702079,1,black
Taylor,Michigan,61817,42.240872,-83.2696509,2,green
Lynchburg,Virginia,78014,37.4137536,-79.1422464,3,yellow
Bowie,Maryland,56759,39.0067768,-76.7791365,4,red
Danbury,Connecticut,83684,41.394817,-73.4540111,1,black
Charlottesville,Virginia,44349,38.0293059,-78.4766781,2,green
Coral Gables,Florida,49631,25.72149,-80.2683838,3,yellow
Coeur d'Alene,Idaho,46402,47.6776832,-116.7804664,4,red
El Monte,California,115708,34.0686206,-118.0275667,1,black
Crystal Lake,Illinois,40388,42.2411344,-88.3161965,2,green
Danville,California,43341,37.8215929,-121.9999606,3,green
Goodyear,Arizona,72864,33.4353394,-112.3576567,4,yellow
Paterson,New Jersey,145948,40.9167654,-74.171811,1,red
Salem,Oregon,160614,44.9428975,-123.0350963,2,black
Kissimmee,Florida,65173,28.2919557,-81.407571,3,green
Saginaw,Michigan,50303,43.4194699,-83.9508068,4,yellow
Brownsville,Texas,181860,25.9017472,-97.4974838,1,red
Flower Mound,Texas,68609,33.0145673,-97.0969552,2,black
Grapevine,Texas,50195,32.9342919,-97.0780654,3,green
Edina,Minnesota,49376,44.8896866,-93.3499489,4,yellow
Detroit,Michigan,688701,42.331427,-83.0457538,1,red
Fairfield,Ohio,42635,39.3454673,-84.5603187,2,black
Mansfield,Texas,60872,32.5631924,-97.1416768,3,green
Rochester,New York,210358,43.16103,-77.6109219,4,green
Birmingham,Alabama,212113,33.5206608,-86.80249,1,yellow
Austin,Texas,885400,30.267153,-97.7430608,2,red
Santa Barbara,California,90412,34.4208305,-119.6981901,3,black
Addison,Illinois,37385,41.931696,-87.9889556,4,green
Rio Rancho,New Mexico,91956,35.2327544,-106.6630437,1,yellow
Normal,Illinois,54664,40.5142026,-88.9906312,2,red
Romeoville,Illinois,39650,41.6475306,-88.0895061,3,black
Coon Rapids,Minnesota,62103,45.1732394,-93.3030063,4,green
San Mateo,California,101128,37.5629917,-122.3255254,1,yellow
Orlando,Florida,255483,28.5383355,-81.3792365,2,red
Casper,Wyoming,59628,42.866632,-106.313081,3,black
Bedford,Texas,48592,32.844017,-97.1430671,4,green
Wilmington,North Carolina,112067,34.2257255,-77.9447102,1,green
Pinellas Park,Florida,49998,27.8428025,-82.6995443,2,yellow
North Miami Beach,Florida,43250,25.9331488,-80.1625463,3,red
Kansas City,Kansas,148483,39.114053,-94.6274636,4,black
Fitchburg,Massachusetts,40383,42.5834228,-71.8022955,1,green
Wheeling,Illinois,38015,42.1391927,-87.9289591,2,yellow
Newton,Massachusetts,87971,42.3370413,-71.2092214,3,red
North Miami,Florida,61007,25.8900949,-80.1867138,4,black
Norwich,Connecticut,40347,41.5242649,-72.0759105,1,green
Newark,New Jersey,278427,40.735657,-74.1723667,2,yellow
Alexandria,Louisiana,48426,31.3112936,-92.4451371,3,red
Blaine,Minnesota,60407,45.1607987,-93.2349489,4,black
Harlingen,Texas,65665,26.1906306,-97.6961026,1,green
Lompoc,California,43509,34.6391501,-120.4579409,2,green
Denton,Texas,123099,33.2148412,-97.1330683,3,yellow
Galveston,Texas,48733,29.3013479,-94.7976958,4,red
Greenwood,Indiana,53665,39.6136578,-86.1066526,1,black
Salinas,California,155662,36.6777372,-121.6555013,2,green
Miami Gardens,Florida,111378,25.9420377,-80.2456045,3,yellow
Huntington,West Virginia,49177,38.4192496,-82.445154,4,red
Laredo,Texas,248142,27.5305671,-99.4803241,1,black
Melbourne,Florida,77508,28.0836269,-80.6081089,2,green
Haltom City,Texas,43580,32.7995738,-97.2691817,3,yellow
Palm Bay,Florida,104898,28.0344621,-80.5886646,4,red
Wilson,North Carolina,49628,35.7212689,-77.9155395,1,black
Bountiful,Utah,43023,40.8893895,-111.880771,2,green
Ceres,California,46714,37.5949316,-120.9577098,3,green
Parma,Ohio,80429,41.4047742,-81.7229086,4,yellow
Rapid City,South Dakota,70812,44.0805434,-103.2310149,1,red
Bell Gardens,California,42889,33.9652918,-118.1514588,2,black
Commerce City,Colorado,49799,39.8083196,-104.9338675,3,green
Springfield,Massachusetts,153703,42.1014831,-72.589811,4,yellow
Fort Collins,Colorado,152061,40.5852602,-105.084423,1,red
San Leandro,California,87965,37.7249296,-122.1560768,2,black
Vista,California,96929,33.2000368,-117.2425355,3,green
Yonkers,New York,199766,40.9312099,-73.8987469,4,yellow
Cincinnati,Ohio,297517,39.1031182,-84.5120196,1,red
Hagerstown,Maryland,40612,39.6417629,-77.7199932,2,black
Sanford,Florida,56002,28.8028612,-81.269453,3,green
Union City,New Jersey,68247,40.6975898,-74.2631635,4,green
Toledo,Ohio,282313,41.6639383,-83.555212,1,yellow
Sierra Vista,Arizona,45129,31.5455001,-110.2772856,2,red
Newport News,Virginia,182020,37.0870821,-76.4730122,3,black
Hammond,Indiana,78967,41.5833688,-87.5000412,4,green
Buffalo Grove,Illinois,41778,42.1662831,-87.9631308,1,yellow
Sugar Land,Texas,83860,29.6196787,-95.6349463,2,red
Huntsville,Alabama,186254,34.7303688,-86.5861037,3,black
Lodi,California,63338,38.1341477,-121.2722194,4,green
Edmonds,Washington,40727,47.8106521,-122.3773552,1,yellow
Duncanville,Texas,39605,32.6518004,-96.9083366,2,red
Rocky Mount,North Carolina,56954,35.9382103,-77.7905339,3,black
Pontiac,Michigan,59887,42.6389216,-83.2910468,4,green
National City,California,59834,32.6781085,-117.0991967,1,green
Hayward,California,151574,37.6688205,-122.0807964,2,yellow
Niagara Falls,New York,49468,43.0962143,-79.0377388,3,red
Sparks,Nevada,93282,39.5349112,-119.7526886,4,black
Hanford,California,54686,36.3274502,-119.6456844,1,green
Cypress,California,49087,33.8169599,-118.0372852,2,yellow
Youngstown,Ohio,65184,41.0997803,-80.6495194,3,red
Madison,Alabama,45799,34.6992579,-86.7483318,4,black
Redlands,California,69999,34.0555693,-117.1825381,1,green
Cape Girardeau,Missouri,38816,37.3058839,-89.5181476,2,yellow
Nampa,Idaho,86518,43.5407172,-116.5634624,3,red
Washington,District of Columbia,646449,38.9071923,-77.0368707,4,black
Wheaton,Illinois,53648,41.8661403,-88.1070127,1,green
Lancaster,Texas,38071,32.5920798,-96.7561082,2,green
Rialto,California,101910,34.1064001,-117.3703235,3,yellow
Fargo,North Dakota,113658,46.8771863,-96.7898034,4,red
Peoria,Illinois,116513,40.6936488,-89.5889864,1,black
Omaha,Nebraska,434353,41.2523634,-95.9979883,2,green
Rancho Santa Margarita,California,49228,33.640855,-117.603104,3,yellow
Manhattan,Kansas,56143,39.1836082,-96.5716694,4,red
Palm Springs,California,46281,33.8302961,-116.5452921,1,black
San Diego,California,1355896,32.715738,-117.1610838,2,green
Santa Rosa,California,171990,38.440429,-122.7140548,3,yellow
Lowell,Massachusetts,108861,42.6334247,-71.3161718,4,red
Broken Arrow,Oklahoma,103500,36.060949,-95.7974526,1,black
Kent,Washington,124435,47.3809335,-122.2348431,2,green
Nashville,Tennessee,634464,36.1626638,-86.7816016,3,green
Hackensack,New Jersey,44113,40.8859325,-74.0434736,4,yellow
Broomfield,Colorado,59471,39.9205411,-105.0866504,1,red
Durham,North Carolina,245475,35.9940329,-78.898619,2,black
Wichita,Kansas,386552,37.688889,-97.336111,3,green
Cathedral City,California,52977,33.7805388,-116.4668036,4,yellow
Lakeville,Minnesota,58562,44.6496868,-93.24272,1,red
Elmhurst,Illinois,45556,41.8994744,-87.9403418,2,black
Weslaco,Texas,37093,26.1595194,-97.9908366,3,green
Greenfield,Wisconsin,37159,42.9614039,-88.0125865,4,yellow
Sunnyvale,California,147559,37.36883,-122.0363496,1,red
Santa Cruz,California,62864,36.9741171,-122.0307963,2,black
Kenosha,Wisconsin,99889,42.5847425,-87.8211854,3,green
State College,Pennsylvania,41757,40.7933949,-77.8600012,4,green
Mansfield,Ohio,46454,40.75839,-82.5154471,1,yellow
Quincy,Illinois,40915,39.9356016,-91.4098726,2,red
Pompano Beach,Florida,104410,26.2378597,-80.1247667,3,black
San Angelo,Texas,97492,31.4637723,-100.4370375,4,green
Bloomington,Illinois,78902,40.4842027,-88.9936873,1,yellow
Tracy,California,84691,37.7396513,-121.4252227,2,red
Spartanburg,South Carolina,37647,34.9495672,-81.9320482,3,black
Nashua,New Hampshire,87137,42.7653662,-71.467566,4,green
Macon,Georgia,89981,32.8406946,-83.6324022,1,yellow
Hempstead,New York,55361,40.7062128,-73.6187397,2,red
Camden,New Jersey,76903,39.9259463,-75.1196199,3,black
Palm Desert,California,50508,33.7222445,-116.3744556,4,green
Streamwood,Illinois,40351,42.0255827,-88.1784085,1,green
Chesapeake,Virginia,230571,36.7682088,-76.2874927,2,yellow
Dublin,Ohio,43607,40.0992294,-83.1140771,3,red
Camarillo,California,66086,34.2163937,-119.0376023,4,black
Muskegon,Michigan,37213,43.2341813,-86.2483921,1,green
Elizabeth,New Jersey,127558,40.6639916,-74.2107006,2,yellow
Anchorage,Alaska,300950,61.2180556,-149.9002778,3,red
Minot,North Dakota,46321,48.2329668,-101.2922906,4,black
Davie,Florida,96830,26.0764783,-80.2521157,1,green
McAllen,Texas,136639,26.2034071,-98.2300124,2,yellow
McKinney,Texas,148559,33.1972465,-96.6397822,3,red
Killeen,Texas,137147,31.1171194,-97.7277959,4,black
Findlay,Ohio,41512,41.04422,-83.6499321,1,green
Oakland,California,406253,37.8043637,-122.2711137,2,green
Mountain View,California,77846,37.3860517,-122.0838511,3,yellow
Lake Elsinore,California,57525,33.6680772,-117.3272615,4,red
Amarillo,Texas,196429,35.2219971,-101.8312969,1,black
Provo,Utah,116288,40.2338438,-111.6585337,2,green
Atlanta,Georgia,447841,33.7489954,-84.3879824,3,yellow
Monterey Park,California,61085,34.0625106,-118.1228476,4,red
Strongsville,Ohio,44730,41.3144966,-81.83569,1,black
Madera,California,63105,36.9613356,-120.0607176,2,green
Decatur,Illinois,74710,39.8403147,-88.9548001,3,yellow
Woonsocket,Rhode Island,41026,42.0028761,-71.5147839,4,red
Mobile,Alabama,194899,30.6953657,-88.0398912,1,black
Vallejo,California,118837,38.1040864,-122.2566367,2,green
Arcadia,California,57639,34.1397292,-118.0353449,3,green
Collierville,Tennessee,47333,35.042036,-89.6645266,4,yellow
Jefferson City,Missouri,43330,38.5767017,-92.1735164,1,red
Longview,Texas,81443,32.5007037,-94.7404891,2,black
Chandler,Arizona,249146,33.3061605,-111.8412502,3,green
Arvada,Colorado,111707,39.8027644,-105.0874842,4,yellow
Alhambra,California,84577,34.095287,-118.1270146,1,red
Kokomo,Indiana,56895,40.486427,-86.1336033,2,black
Oakland Park,Florida,43286,26.1723065,-80.1319893,3,green
Indianapolis,Indiana,843393,39.768403,-86.158068,4,yellow
Boynton Beach,Florida,71097,26.5317866,-80.0905465,1,red
Apache Junction,Arizona,37130,33.4150485,-111.5495777,2,black
Mount Prospect,Illinois,54771,42.0664167,-87.9372908,3,green
Cranston,Rhode Island,80566,41.7798226,-71.4372796,4,green
Lafayette,Indiana,70373,40.4167022,-86.8752869,1,yellow
Olathe,Kansas,131885,38.8813958,-94.8191285,2,red
Johns Creek,Georgia,82788,34.0289259,-84.198579,3,black
Greensboro,North Carolina,279639,36.0726354,-79.7919754,4,green
Kalamazoo,Michigan,75548,42.2917069,-85.5872286,1,yellow
Tigard,Oregon,50444,45.4312294,-122.7714861,2,red
Jacksonville,North Carolina,69079,34.7540524,-77.4302414,3,black
Citrus Heights,California,85285,38.7071247,-121.2810611,4,green
Tuscaloosa,Alabama,95334,33.2098407,-87.5691735,1,yellow
Ankeny,Iowa,51567,41.7317884,-93.6001278,2,red
Hawthorne,California,86199,33.9164032,-118.3525748,3,black
Hoover,Alabama,84126,33.4053867,-86.8113781,4,green
Delray Beach,Florida,64072,26.4614625,-80.0728201,1,green
Wellington,Florida,60202,26.6617635,-80.2683571,2,yellow
Bullhead City,Arizona,39383,35.1359386,-114.5285981,3,red
Weston,Florida,68388,26.1003654,-80.3997748,4,black
Troy,Michigan,82821,42.6064095,-83.1497751,1,green
New Rochelle,New York,79446,40.9114882,-73.7823549,2,yellow
Stockton,California,298118,37.9577016,-121.2907796,3,red
Royal Oak,Michigan,58946,42.4894801,-83.1446485,4,black
Titusville,Florida,44206,28.6122187,-80.8075537,1,green
Laguna Niguel,California,64652,33.5225261,-117.7075526,2,yellow
Spokane Valley,Washington,91113,47.6732281,-117.2393748,3,red
Costa Mesa,California,112174,33.6411316,-117.9186689,4,black
Grand Prairie,Texas,183372,32.7459645,-96.9977846,1,green
Portsmouth,Virginia,96205,36.8354258,-76.2982742,2,green
Lacey,Washington,44919,47.0342629,-122.8231915,3,yellow
Apex,North Carolina,42214,35.732652,-78.8502856,4,red
Sioux City,Iowa,82459,42.4999942,-96.4003069,1,black
Encinitas,California,61588,33.0369867,-117.2919818,2,green
Spanish Fork,Utah,36956,40.114955,-111.654923,3,yellow
Huntington Park,California,58879,33.9816812,-118.2250725,4,red
Eden Prairie,Minnesota,62603,44.8546856,-93.470786,1,black
Peoria,Arizona,162592,33.5805955,-112.2373779,2,green
Tempe,Arizona,168228,33.4255104,-111.9400054,3,yellow
Wilmington,Delaware,71525,39.7390721,-75.5397878,4,red
Taylorsville,Utah,60519,40.6677248,-111.9388258,1,black
Westland,Michigan,82578,42.324204,-83.400211,2,green
Mesquite,Texas,143484,32.7667955,-96.5991593,3,green
Burlington,North Carolina,51510,36.0956918,-79.4377991,4,yellow
Garland,Texas,234566,32.912624,-96.6388833,1,red
Richmond,California,107571,37.9357576,-122.3477486,2,black
Bismarck,North Dakota,67034,46.8083268,-100.7837392,3,green
Carson City,Nevada,54080,39.1637984,-119.7674034,4,yellow
Muskogee,Oklahoma,38863,35.7478769,-95.3696909,1,red
Augusta-Richmond County,Georgia,197350,33.4734978,-82.0105148,2,black
Fayetteville,North Carolina,204408,35.0526641,-78.8783585,3,green
Albany,Georgia,76185,31.5785074,-84.155741,4,yellow
Sayreville,New Jersey,44412,40.4594021,-74.360846,1,red
Newark,California,44096,37.5296593,-122.0402399,2,black
Diamond Bar,California,56449,34.0286226,-117.8103367,3,green
Decatur,Alabama,55816,34.6059253,-86.9833417,4,green
Chattanooga,Tennessee,173366,35.0456297,-85.3096801,1,yellow
Jeffersonville,Indiana,45929,38.2775702,-85.7371847,2,red
Bartlett,Illinois,41679,41.9950276,-88.1856301,3,black
Baldwin Park,California,76635,34.0852868,-117.9608978,4,green
Miami Beach,Florida,91026,25.790654,-80.1300455,1,yellow
Jackson,Tennessee,67685,35.6145169,-88.8139469,2,red
Port Arthur,Texas,54135,29.8849504,-93.939947,3,black
San Luis Obispo,California,46377,35.2827524,-120.6596156,4,green
Burleson,Texas,40714,32.5420821,-97.3208492,1,yellow
Newport Beach,California,87273,33.6189101,-117.9289469,2,red
Riverton,Utah,40921,40.521893,-111.9391023,3,black
Yakima,Washington,93257,46.6020711,-120.5058987,4,green
Dayton,Ohio,143355,39.7589478,-84.1916069,1,green
Gulfport,Mississippi,71012,30.3674198,-89.0928155,2,yellow
Long Beach,California,469428,33.7700504,-118.1937395,3,red
Chico,California,88077,39.7284944,-121.8374777,4,black
Hattiesburg,Mississippi,47556,31.3271189,-89.2903392,1,green
Eugene,Oregon,159190,44.0520691,-123.0867536,2,yellow
Colton,California,53243,34.0739016,-117.3136547,3,red
Montebello,California,63495,34.0165053,-118.1137535,4,black
Pleasanton,California,74110,37.6624312,-121.8746789,1,green
Everett,Washington,105370,47.9789848,-122.2020794,2,yellow
Hutchinson,Kansas,41889,38.0608445,-97.9297743,3,red
Fairfield,California,109320,38.2493581,-122.0399663,4,black
Avondale,Arizona,78822,33.4355977,-112.3496021,1,green
Euclid,Ohio,48139,41.5931049,-81.5267873,2,green
Battle Creek,Michigan,51848,42.3211522,-85.1797142,3,yellow
Bloomington,Minnesota,86319,44.840798,-93.2982799,4,red
Rock Island,Illinois,38877,41.5094771,-90.5787476,1,black
Beaverton,Oregon,93542,45.487062,-122.8037102,2,green
Kenner,Louisiana,66975,29.9940924,-90.2417434,3,yellow
Clovis,New Mexico,39508,34.4047987,-103.2052272,4,red
Troy,New York,49974,42.7284117,-73.6917851,1,black
Milpitas,California,69783,37.4323341,-121.8995741,2,green
Des Plaines,Illinois,58918,42.0333623,-87.8833991,3,yellow
Placentia,California,52206,33.8722371,-117.8703363,4,red
Taunton,Massachusetts,56069,41.900101,-71.0897674,1,black
Montclair,California,38027,34.0775104,-117.6897776,2,green
Johnson City,Tennessee,65123,36.3134397,-82.3534727,3,green
Savannah,Georgia,142772,32.0835407,-81.0998342,4,yellow
Warren,Ohio,40768,41.2375569,-80.8184166,1,red
Vancouver,Washington,167405,45.6387281,-122.6614861,2,black
Sunrise,Florida,90116,26.1669711,-80.256595,3,green
Muncie,Indiana,70316,40.1933767,-85.3863599,4,yellow
Lehi,Utah,54382,40.3916172,-111.8507662,1,red
San Francisco,California,837442,37.7749295,-122.4194155,2,black
Fontana,California,203003,34.0922335,-117.435048,3,green
Frisco,Texas,136791,33.1506744,-96.8236116,4,yellow
Chino Hills,California,76572,33.9898188,-117.7325848,1,red
Poway,California,49417,32.9628232,-117.0358646,2,black
Huber Heights,Ohio,38142,39.843947,-84.1246608,3,green
New Brunswick,New Jersey,55831,40.4862157,-74.4518188,4,green
Norfolk,Virginia,246139,36.8507689,-76.2858726,1,yellow
Hillsboro,Oregon,97368,45.5228939,-122.989827,2,red
San Jacinto,California,45851,33.7839084,-116.958635,3,black
Pensacola,Florida,52703,30.421309,-87.2169149,4,green
Hamilton,Ohio,62258,39.3995008,-84.5613355,1,yellow
Florence,South Carolina,37792,34.1954331,-79.7625625,2,red
San Bernardino,California,213708,34.1083449,-117.2897652,3,black
Peachtree Corners,Georgia,40059,33.9698929,-84.2214551,4,green
Victorville,California,121096,34.5362184,-117.2927641,1,yellow
Gary,Indiana,78450,41.5933696,-87.3464271,2,red
Casa Grande,Arizona,50111,32.8795022,-111.7573521,3,black
Morgan Hill,California,40836,37.1305012,-121.6543901,4,green
Dubuque,Iowa,58253,42.5005583,-90.6645718,1,green
Syracuse,New York,144669,43.0481221,-76.1474244,2,yellow
Clarksville,Tennessee,142357,36.5297706,-87.3594528,3,red
Lakeland,Florida,100710,28.0394654,-81.9498042,4,black
Valley Stream,New York,37659,40.6642699,-73.7084645,1,green
Dover,Delaware,37366,39.158168,-75.5243682,2,yellow
Moorhead,Minnesota,39398,46.8737648,-96.7678039,3,red
Culver City,California,39428,34.0211224,-118.3964665,4,black
Palatine,Illinois,69350,42.1103041,-88.03424,1,green
Seattle,Washington,652405,47.6062095,-122.3320708,2,yellow
Covington,Kentucky,40956,39.0836712,-84.5085536,3,red
Elk Grove,California,161007,38.4087993,-121.3716178,4,black
Shreveport,Louisiana,200327,32.5251516,-93.7501789,1,green
Ogden,Utah,84249,41.223,-111.9738304,2,green
Harrisonburg,Virginia,51395,38.4495688,-78.8689155,3,yellow
Inglewood,California,111542,33.9616801,-118.3531311,4,red
Pasadena,California,139731,34.1477849,-118.1445155,1,black
Lawrence,Massachusetts,77657,42.7070354,-71.1631137,2,green
Lake Oswego,Oregon,37610,45.4206749,-122.6706498,3,yellow
Petaluma,California,59440,38.232417,-122.6366524,4,red
Springfield,Ohio,59357,39.9242266,-83.8088171,1,black
Napa,California,79068,38.2975381,-122.286865,2,green
Aurora,Colorado,345803,39.7294319,-104.8319195,3,yellow
Duluth,Minnesota,86128,46.7866719,-92.1004852,4,red
Roanoke,Virginia,98465,37.2709704,-79.9414266,1,black
Bend,Oregon,81236,44.0581728,-121.3153096,2,green
Apple Valley,California,70924,34.5008311,-117.1858759,3,green
Waltham,Massachusetts,62227,42.3764852,-71.2356113,4,yellow
Fort Myers,Florida,68190,26.640628,-81.8723084,1,red
Tampa,Florida,352957,27.950575,-82.4571776,2,black
Upland,California,75413,34.09751,-117.6483876,3,green
Danville,Virginia,42907,36.5859718,-79.3950228,4,yellow
Beloit,Wisconsin,36888,42.5083482,-89.0317765,1,red
Plantation,Florida,90268,26.1275862,-80.2331036,2,black
Colorado Springs,Colorado,439886,38.8338816,-104.8213634,3,green
Modesto,California,204933,37.6390972,-120.9968782,4,yellow
Grand Rapids,Michigan,192294,42.9633599,-85.6680863,1,red
Oak Park,Illinois,52066,41.8850317,-87.7845025,2,black
Sarasota,Florida,53326,27.3364347,-82.5306527,3,green
Jurupa Valley,California,98030,33.9971974,-117.4854802,4,green
Bellflower,California,77593,33.8816818,-118.1170117,1,yellow
Boulder,Colorado,103166,40.0149856,-105.2705456,2,red
Santa Fe,New Mexico,69976,35.6869752,-105.937799,3,black
Coachella,California,43092,33.6803003,-116.173894,4,green
Marlborough,Massachusetts,39414,42.3459271,-71.5522874,1,yellow
Riverside,California,316619,33.9533487,-117.3961564,2,red
Palmdale,California,157161,34.5794343,-118.1164613,3,black
Novato,California,54194,38.1074198,-122.5697032,4,green
Layton,Utah,70790,41.0602216,-111.9710529,1,yellow
Bolingbrook,Illinois,73936,41.6986416,-88.0683955,2,red
Mission Viejo,California,96346,33.6000232,-117.6719953,3,black
Glenview,Illinois,45417,42.0697509,-87.7878408,4,green
Lincoln,California,45237,38.891565,-121.2930079,1,green
Folsom,California,73098,38.6779591,-121.1760583,2,yellow
Prescott Valley,Arizona,39791,34.6100243,-112.315721,3,red
Las Cruces,New Mexico,101324,32.3199396,-106.7636538,4,black
Bozeman,Montana,39860,45.6769979,-111.0429339,1,green
Schaumburg,Illinois,74907,42.0333607,-88.0834059,2,yellow
Warren,Michigan,134873,42.5144566,-83.0146526,3,red
St. Peters,Missouri,54842,38.7874699,-90.6298922,4,black
Ames,Iowa,61792,42.034722,-93.62,1,green
Surprise,Arizona,123546,33.6292337,-112.3679279,2,yellow
Richardson,Texas,104475,32.9483335,-96.7298519,3,red
Midland,Michigan,42181,43.6155825,-84.2472116,4,black
San Marcos,Texas,54076,29.8832749,-97.9413941,1,green
Wilkes-Barre,Pennsylvania,41108,41.2459149,-75.8813075,2,green
Appleton,Wisconsin,73596,44.2619309,-88.4153847,3,yellow
Shawnee,Kansas,64323,39.0228485,-94.7151865,4,red
Mentor,Ohio,46979,41.6661573,-81.339552,1,black
Livermore,California,85156,37.6818745,-121.7680088,2,green
Charlotte,North Carolina,792862,35.2270869,-80.8431267,3,yellow
Owensboro,Kentucky,58416,37.7719074,-87.1111676,4,red
Jupiter,Florida,58298,26.9342246,-80.0942087,1,black
Rohnert Park,California,41398,38.3396367,-122.7010984,2,green
Chicago,Illinois,2718782,41.8781136,-87.6297982,3,yellow
Billings,Montana,109059,45.7832856,-108.5006904,4,red
Wauwatosa,Wisconsin,47134,43.0494572,-88.0075875,1,black
Lombard,Illinois,43907,41.8800296,-88.0078435,2,green
New Haven,Connecticut,130660,41.308274,-72.9278835,3,green
York,Pennsylvania,43935,39.9625984,-76.727745,4,yellow
Knoxville,Tennessee,183270,35.9606384,-83.9207392,1,red
Elyria,Ohio,53956,41.3683798,-82.1076486,2,black
Barnstable Town,Massachusetts,44641,41.7003208,-70.3002024,3,green
Murray,Utah,48612,40.6668916,-111.8879909,4,yellow
Alameda,California,76419,37.7652065,-122.2416355,1,red
Manteca,California,71948,37.7974273,-121.2160526,2,black
Maplewood,Minnesota,39765,44.9530215,-92.9952153,3,green
Medford,Oregon,77677,42.3265152,-122.8755949,4,yellow
Murfreesboro,Tennessee,117044,35.8456213,-86.39027,1,red
Yuba City,California,65416,39.1404477,-121.6169108,2,black
Shelton,Connecticut,40999,41.3164856,-73.0931641,3,green
Cedar Falls,Iowa,40566,42.5348993,-92.4453161,4,green
Germantown,Tennessee,39375,35.0867577,-89.8100858,1,yellow
Scranton,Pennsylvania,75806,41.408969,-75.6624122,2,red
Auburn,Alabama,58582,32.6098566,-85.4807825,3,black
Manassas,Virginia,41705,38.7509488,-77.4752667,4,green
Vacaville,California,94275,38.3565773,-121.9877444,1,yellow
Santa Monica,California,92472,34.0194543,-118.4911912,2,red
Suffolk,Virginia,85728,36.7282054,-76.5835621,3,black
Rochester Hills,Michigan,72952,42.6583661,-83.1499322,4,green
La Quinta,California,39331,33.6633573,-116.3100095,1,yellow
Charleston,West Virginia,50821,38.3498195,-81.6326234,2,red
Delano,California,52403,35.7688425,-119.2470536,3,black
St. Cloud,Florida,40918,28.2489016,-81.2811801,4,green
Charleston,South Carolina,127999,32.7764749,-79.9310512,1,green
Kannapolis,North Carolina,44359,35.4873613,-80.6217341,2,yellow
Corona,California,159503,33.8752935,-117.5664384,3,red
Rocklin,California,59738,38.7907339,-121.2357828,4,black
Lee's Summit,Missouri,93184,38.9108408,-94.3821724,1,green
Palm Coast,Florida,78740,29.5844524,-81.2078699,2,yellow
Sandy,Utah,90231,40.5649781,-111.8389726,3,red
Bentonville,Arkansas,40167,36.3728538,-94.2088172,4,black
Santa Clarita,California,179590,34.3916641,-118.542586,1,green
Altamonte Springs,Florida,42150,28.6611089,-81.3656242,2,yellow
New Braunfels,Texas,63279,29.7030024,-98.1244531,3,red
Memphis,Tennessee,653450,35.1495343,-90.0489801,4,black
Irving,Texas,228653,32.8140177,-96.9488945,1,green
Alexandria,Virginia,148892,38.8048355,-77.0469214,2,green
Hesperia,California,92147,34.4263886,-117.3008784,3,yellow
Holyoke,Massachusetts,40249,42.2042586,-72.6162009,4,red
Dunwoody,Georgia,47591,33.9462125,-84.3346473,1,black
Skokie,Illinois,65176,42.0324025,-87.7416246,2,green
Kearny,New Jersey,41664,40.7684342,-74.1454214,3,yellow
Bethlehem,Pennsylvania,75018,40.6259316,-75.3704579,4,red
St. Joseph,Missouri,77147,39.7674578,-94.846681,1,black
Redondo Beach,California,67815,33.8491816,-118.3884078,2,green
Houston,Texas,2195914,29.7604267,-95.3698028,3,yellow
Temecula,California,106780,33.4936391,-117.1483648,4,red
Ann Arbor,Michigan,117025,42.2808256,-83.7430378,1,black
Beaumont,Texas,117796,30.080174,-94.1265562,2,green
East Lansing,Michigan,48554,42.7369792,-84.4838654,3,green
Santee,California,56105,32.8383828,-116.9739167,4,yellow
Tamarac,Florida,63155,26.2128609,-80.2497707,1,red
Bellevue,Nebraska,53663,41.1543623,-95.9145568,2,black
Pembroke Pines,Florida,162329,26.007765,-80.2962555,3,green
Springdale,Arkansas,75229,36.1867442,-94.1288141,4,yellow
Oxnard,California,203007,34.1975048,-119.1770516,1,red
Odessa,Texas,110720,31.8456816,-102.3676431,2,black
Stillwater,Oklahoma,47186,36.1156071,-97.0583681,3,green
Brockton,Massachusetts,94089,42.0834335,-71.0183787,4,yellow
Bayonne,New Jersey,65028,40.6687141,-74.1143091,1,red
Paramount,California,54980,33.8894598,-118.1597911,2,black
Moline,Illinois,43116,41.5067003,-90.5151342,3,green
Meridian,Mississippi,40921,32.3643098,-88.703656,4,green
Cleveland,Tennessee,42774,35.1595182,-84.8766115,1,yellow
Jersey City,New Jersey,257342,40.7281575,-74.0776417,2,red
St. Paul,Minnesota,294873,44.9537029,-93.0899578,3,black
Deltona,Florida,86290,28.9005446,-81.2636738,4,green
Freeport,New York,43167,40.6576022,-73.5831835,1,yellow
Iowa City,Iowa,71591,41.6611277,-91.5301683,2,red
Anaheim,California,345012,33.8352932,-117.9145036,3,black
Apple Valley,Minnesota,50201,44.7319094,-93.21772,4,green
Great Falls,Montana,59351,47.4941836,-111.2833449,1,yellow
West Valley City,Utah,133579,40.6916132,-112.0010501,2,red
Hampton,Virginia,136699,37.0298687,-76.3452218,3,black
Georgetown,Texas,54898,30.6332618,-97.6779842,4,green
Orem,Utah,91648,40.2968979,-111.6946475,1,green
Monrovia,California,37101,34.1442616,-118.0019482,2,yellow
Keller,Texas,42907,32.9341893,-97.229298,3,red
Goose Creek,South Carolina,39823,32.9810059,-80.0325867,4,black
Little Rock,Arkansas,197357,34.7464809,-92.2895948,1,green
Santa Ana,California,334227,33.7455731,-117.8678338,2,yellow
White Plains,New York,57866,41.0339862,-73.7629097,3,red
Idaho Falls,Idaho,58292,43.4916514,-112.0339645,4,black
Bellevue,Washington,133992,47.610377,-122.2006786,1,green
Roseville,California,127035,38.7521235,-121.2880059,2,yellow
Perth Amboy,New Jersey,51982,40.5067723,-74.2654234,3,red
Peabody,Massachusetts,52044,42.5278731,-70.9286609,4,black
Grand Island,Nebraska,50550,40.9263957,-98.3420118,1,green
Columbia,Missouri,115276,38.9517053,-92.3340724,2,green
Racine,Wisconsin,78199,42.7261309,-87.7828523,3,yellow
Carmel,Indiana,85927,39.978371,-86.1180435,4,red
Portage,Michigan,47523,42.2011538,-85.5800022,1,black
Middletown,Ohio,48630,39.5150576,-84.3982763,2,green
Woodland,California,56590,38.6785157,-121.7732971,3,yellow
Revere,Massachusetts,53756,42.4084302,-71.0119948,4,red
Euless,Texas,53224,32.8370727,-97.0819541,1,black
Arlington Heights,Illinois,75994,42.0883603,-87.9806265,2,green
Hemet,California,81750,33.7475203,-116.9719684,3,yellow
High Point,North Carolina,107741,35.9556923,-80.0053176,4,red
Newark,Ohio,47777,40.0581205,-82.4012642,1,black
Midwest City,Oklahoma,56756,35.4495065,-97.3967019,2,green
San Marcos,California,89387,33.1433723,-117.1661449,3,green
Port Orange,Florida,57203,29.1383165,-80.9956105,4,yellow
Lakewood,California,81121,33.8536269,-118.1339563,1,red
Westerville,Ohio,37530,40.1261743,-82.9290696,2,black
Rockford,Illinois,150251,42.2711311,-89.0939952,3,green
El Cajon,California,102211,32.7947731,-116.9625269,4,yellow
St. Petersburg,Florida,249688,27.773056,-82.64,1,red
Downers Grove,Illinois,49670,41.8089191,-88.0111746,2,black
Milford,Connecticut,51644,41.2306979,-73.064036,3,green
Albany,Oregon,51583,44.6365107,-123.1059282,4,yellow
Las Vegas,Nevada,603488,36.1699412,-115.1398296,1,red
Pasadena,Texas,152735,29.6910625,-95.2091006,2,black
Port St. Lucie,Florida,171016,27.2730492,-80.3582261,3,green
Cedar Rapids,Iowa,128429,41.9778795,-91.6656232,4,green
Ormond Beach,Florida,38661,29.2858129,-81.0558894,1,yellow
Quincy,Massachusetts,93494,42.2528772,-71.0022705,2,red
Miramar,Florida,130288,25.9860762,-80.3035602,3,black
El Paso,Texas,674433,31.7775757,-106.4424559,4,green
Topeka,Kansas,127679,39.0558235,-95.6890185,1,yellow
Rosemead,California,54561,34.0805651,-118.072846,2,red
Keizer,Oregon,37064,44.9901194,-123.0262077,3,black
Minnetonka,Minnesota,51368,44.9211836,-93.4687489,4,green
Akron,Ohio,198100,41.0814447,-81.5190053,1,yellow
Edinburg,Texas,80836,26.3017374,-98.1633432,2,red
Rancho Cucamonga,California,171386,34.1063989,-117.5931084,3,black
North Charleston,South Carolina,104054,32.8546197,-79.9748103,4,green
Louisville,Kentucky,609893,38.2526647,-85.7584557,1,green
Watsonville,California,52477,36.910231,-121.7568946,2,yellow
Coconut Creek,Florida,56792,26.2517482,-80.1789351,3,red
Bradenton,Florida,51763,27.4989278,-82.5748194,4,black
Carlsbad,California,110972,33.1580933,-117.3505939,1,green
Texas City,Texas,46081,29.383845,-94.9027002,2,yellow
Redding,California,91119,40.5865396,-122.3916754,3,red
Wyoming,Michigan,74100,42.9133602,-85.7053085,4,black
Lorain,Ohio,63710,41.452819,-82.1823746,1,green
Roy,Utah,37733,41.1616108,-112.0263313,2,yellow
Fort Lauderdale,Florida,172389,26.1224386,-80.1373174,3,red
Warner Robins,Georgia,72531,32.6130007,-83.624201,4,black
Clearwater,Florida,109703,27.9658533,-82.8001026,1,green
Cutler Bay,Florida,43328,25.5808323,-80.3468593,2,green
Florence,Alabama,40059,34.79981,-87.677251,3,yellow
Terre Haute,Indiana,61025,39.4667034,-87.4139092,4,red
Temple,Texas,70190,31.0982344,-97.342782,1,black
Beavercreek,Ohio,45712,39.7092262,-84.0632685,2,green
Sioux Falls,South Dakota,164676,43.5445959,-96.7311034,3,yellow
Columbus,Indiana,45775,39.2014404,-85.9213796,4,red
Margate,Florida,55456,26.2445263,-80.206436,1,black
Leominster,Massachusetts,41002,42.5250906,-71.759794,2,green
Warwick,Rhode Island,81971,41.7001009,-71.4161671,3,yellow
Bakersfield,California,363630,35.3732921,-119.0187125,4,red
Miami,Florida,417650,25.7616798,-80.1917902,1,black
Lake Charles,Louisiana,74024,30.2265949,-93.2173758,2,green
Richland,Washington,52413,46.2856907,-119.2844621,3,green
Hickory,North Carolina,40361,35.7344538,-81.3444573,4,yellow
South San Francisco,California,66174,37.654656,-122.4077498,1,red
Plymouth,Minnesota,73987,45.0105194,-93.4555093,2,black
South Bend,Indiana,100886,41.6763545,-86.2519898,3,green
Edmond,Oklahoma,87004,35.6528323,-97.4780954,4,yellow
Des Moines,Iowa,207510,41.6005448,-93.6091064,1,red
Bonita Springs,Florida,47547,26.339806,-81.7786972,2,black
Draper,Utah,45285,40.5246711,-111.8638226,3,green
Whittier,California,86635,33.9791793,-118.032844,4,yellow
Livonia,Michigan,95208,42.36837,-83.3527097,1,red
Milwaukee,Wisconsin,599164,43.0389025,-87.9064736,2,black
Auburn,Washington,74860,47.3073228,-122.2284532,3,green
Sumter,South Carolina,41190,33.9204354,-80.3414693,4,green
Beverly,Massachusetts,40664,42.5584283,-70.880049,1,yellow
Renton,Washington,97003,47.4828776,-122.2170661,2,red
Centennial,Colorado,106114,39.5807452,-104.8771726,3,black
Richmond,Virginia,214114,37.5407246,-77.4360481,4,green
Anderson,Indiana,55670,40.1053196,-85.6802541,1,yellow
Beaumont,California,40481,33.9294606,-116.977248,2,red
Pflugerville,Texas,53752,30.4393696,-97.6200043,3,black
Hoboken,New Jersey,52575,40.7439905,-74.0323626,4,green
Lexington-Fayette,Kentucky,308428,38.0405837,-84.5037164,1,yellow
Norwalk,California,106589,33.9022367,-118.081733,2,red
Yuma,Arizona,91923,32.6926512,-114.6276916,3,black
Highland,California,54291,34.1283442,-117.2086513,4,green
Carol Stream,Illinois,40379,41.9125286,-88.1347927,1,green
Joliet,Illinois,147806,41.525031,-88.0817251,2,yellow
Rock Hill,South Carolina,69103,34.9248667,-81.0250784,3,red
Rancho Cordova,California,67911,38.5890723,-121.302728,4,black
Dearborn Heights,Michigan,56620,42.3369816,-83.2732627,1,green
Honolulu,Hawaii,347884,21.3069444,-157.8583333,2,yellow
Victoria,Texas,65098,28.8052674,-97.0035982,3,red
Attleboro,Massachusetts,43886,41.9445441,-71.2856082,4,black
Wylie,Texas,44575,33.0151201,-96.5388789,1,green
Carrollton,Texas,126700,32.9756415,-96.8899636,2,yellow
Plainfield,Illinois,41734,41.632223,-88.2120315,3,red
Hoffman Estates,Illinois,52398,42.0629915,-88.1227199,4,black
Methuen,Massachusetts,48514,42.7262016,-71.1908924,1,green
North Port,Florida,59212,27.044224,-82.2359254,2,green
Rockville,Maryland,64072,39.0839973,-77.1527578,3,yellow
Burbank,California,104709,34.1808392,-118.3089661,4,red
Fullerton,California,138981,33.8703596,-117.9242966,1,black
Oshkosh,Wisconsin,66778,44.0247062,-88.5426136,2,green
Huntsville,Texas,39795,30.7235263,-95.5507771,3,yellow
Farmington Hills,Michigan,81295,42.4989936,-83.3677168,4,red
Pico Rivera,California,63771,33.9830688,-118.096735,1,black
Cerritos,California,49707,33.8583483,-118.0647871,2,green
La Puente,California,40435,34.0200114,-117.9495083,3,yellow
Grand Junction,Colorado,59778,39.0638705,-108.5506486,4,red
Enid,Oklahoma,50725,36.3955891,-97.8783911,1,black
San Jose,California,998537,37.3382082,-121.8863286,2,green
Round Rock,Texas,109821,30.5082551,-97.678896,3,green
Maple Grove,Minnesota,65415,45.0724642,-93.4557877,4,yellow
Norman,Oklahoma,118197,35.2225668,-97.4394777,1,red
Homestead,Florida,64079,25.4687224,-80.4775569,2,black
Friendswood,Texas,37587,29.5293998,-95.2010447,3,green
Irvine,California,236716,33.6839473,-117.7946942,4,yellow
Pocatello,Idaho,54350,42.8713032,-112.4455344,1,red
Pacifica,California,38606,37.6138253,-122.4869194,2,black
Sheboygan,Wisconsin,48725,43.7508284,-87.71453,3,green
Bossier City,Louisiana,66333,32.5159852,-93.7321228,4,yellow
Cedar Park,Texas,61238,30.505198,-97.8202888,1,red
Sandy Springs,Georgia,99770,33.9304352,-84.3733147,2,black
Champaign,Illinois,83424,40.1164204,-88.2433829,3,green
Clifton,New Jersey,85390,40.8584328,-74.1637553,4,green
Moore,Oklahoma,58414,35.3395079,-97.4867028,1,yellow
Blue Springs,Missouri,53294,39.0169509,-94.2816148,2,red
Lancaster,California,159523,34.6867846,-118.1541632,3,black
Bryan,Texas,78709,30.6743643,-96.3699632,4,green
Hurst,Texas,38448,32.8234621,-97.1705678,1,yellow
Cape Coral,Florida,165831,26.5628537,-81.9495331,2,red
Cupertino,California,60189,37.3229978,-122.0321823,3,black
Pittsfield,Massachusetts,44057,42.4500845,-73.2453824,4,green
Gilroy,California,51701,37.0057816,-121.5682751,1,yellow
Manchester,New Hampshire,110378,42.9956397,-71.4547891,2,red
Virginia Beach,Virginia,448479,36.8529263,-75.977985,3,black
Salina,Kansas,47846,38.8402805,-97.6114237,4,green
Somerville,Massachusetts,78804,42.3875968,-71.0994968,1,green
Largo,Florida,78409,27.9094665,-82.7873244,2,yellow
Fresno,California,509924,36.7468422,-119.7725868,3,red
Phenix City,Alabama,37498,32.4709761,-85.0007653,4,black
Berwyn,Illinois,56758,41.8505874,-87.7936685,1,green
Palm Beach Gardens,Florida,50699,26.8233946,-80.1386547,2,yellow
Pawtucket,Rhode Island,71172,41.878711,-71.3825558,3,red
San Gabriel,California,40275,34.0961111,-118.1058333,4,black
Winston-Salem,North Carolina,236441,36.0998596,-80.244216,1,green
Alpharetta,Georgia,62298,34.0753762,-84.2940899,2,yellow
O'Fallon,Missouri,82809,38.8106075,-90.6998477,3,red
Redwood City,California,80872,37.4852152,-122.2363548,4,black
Union City,California,72528,37.5933918,-122.0438298,1,green
Hallandale Beach,Florida,38632,25.9812024,-80.148379,2,green
Mankato,Minnesota,40641,44.1635775,-93.9993996,3,yellow
Aliso Viejo,California,50175,33.5676842,-117.7256083,4,red
Menifee,California,83447,33.6971468,-117.185294,1,black
Loveland,Colorado,71334,40.3977612,-105.0749801,2,green
Carpentersville,Illinois,38241,42.1211364,-88.2578582,3,yellow
Providence,Rhode Island,177994,41.8239891,-71.4128343,4,red
Hialeah,Florida,233394,25.8575963,-80.2781057,1,black
San Ramon,California,74513,37.7799273,-121.9780153,2,green
Ontario,California,167500,34.0633443,-117.6508876,3,yellow
Kirkland,Washington,84430,47.6814875,-122.2087353,4,red
St. George,Utah,76817,37.0965278,-113.5684164,1,black
Hilton Head Island,South Carolina,39412,32.216316,-80.752608,2,green
Glendale,California,196021,34.1425078,-118.255075,3,green
Meriden,Connecticut,60456,41.5381535,-72.8070435,4,yellow
Gardena,California,59957,33.8883487,-118.3089624,1,red
Westfield,Massachusetts,41301,42.1250929,-72.749538,2,black
Elgin,Illinois,110145,42.0354084,-88.2825668,3,green
Plano,Texas,274409,33.0198431,-96.6988856,4,yellow
Longmont,Colorado,89919,40.1672068,-105.1019275,1,red
Coppell,Texas,40342,32.9545687,-97.0150078,2,black
Lakewood,Ohio,51143,41.4819932,-81.7981908,3,green
Jonesboro,Arkansas,71551,35.8422967,-90.704279,4,yellow
College Station,Texas,100050,30.627977,-96.3344068,1,red
Dearborn,Michigan,95884,42.3222599,-83.1763145,2,black
Utica,New York,61808,43.100903,-75.232664,3,green
Monroe,Louisiana,49761,32.5093109,-92.1193012,4,green
Baltimore,Maryland,622104,39.2903848,-76.6121893,1,yellow
Springfield,Missouri,164122,37.2089572,-93.2922989,2,red
Pine Bluff,Arkansas,46094,34.2284312,-92.0031955,3,black
Plainfield,New Jersey,50588,40.6337136,-74.4073736,4,green
Lynn,Massachusetts,91589,42.466763,-70.9494938,1,yellow
Woodbury,Minnesota,65656,44.9238552,-92.9593797,2,red
Gainesville,Florida,127488,29.6516344,-82.3248262,3,black
West Sacramento,California,49891,38.5804609,-121.530234,4,green
Sammamish,Washington,50169,47.6162683,-122.0355736,1,yellow
Aventura,Florida,37199,25.9564812,-80.1392121,2,red
Fayetteville,Arkansas,78960,36.0625795,-94.1574263,3,black
San Rafael,California,58994,37.9735346,-122.5310874,4,green
Conway,Arkansas,63816,35.0886963,-92.4421011,1,green
Tacoma,Washington,203446,47.2528768,-122.4442906,2,yellow
Middletown,Connecticut,47333,41.5623209,-72.6506488,3,red
Burlington,Vermont,42284,44.4758825,-73.212072,4,black
Twin Falls,Idaho,45981,42.5629668,-114.4608711,1,green
Sherman,Texas,39296,33.6356618,-96.6088805,2,yellow
New York,New York,8405837,40.7127837,-74.0059413,3,red
Simi Valley,California,126181,34.2694474,-118.781482,4,black
West Covina,California,107740,34.0686208,-117.9389526,1,green
Castle Rock,Colorado,53063,39.3722121,-104.8560902,2,yellow
Valdosta,Georgia,56481,30.8327022,-83.2784851,3,red
Fort Worth,Texas,792727,32.7554883,-97.3307658,4,black
Carson,California,92599,33.8316745,-118.281693,1,green
Evansville,Indiana,120310,37.9715592,-87.5710898,2,green
Santa Maria,California,102216,34.9530337,-120.4357191,3,yellow
Brentwood,Tennessee,40021,36.0331164,-86.7827772,4,red
La Mesa,California,58642,32.7678287,-117.0230839,1,black
Westminster,Colorado,110945,39.8366528,-105.0372046,2,green
Reading,Pennsylvania,87893,40.3356483,-75.9268747,3,yellow
Turlock,California,70365,37.4946568,-120.8465941,4,red
Greeley,Colorado,96539,40.4233142,-104.7091322,1,black
Tyler,Texas,100223,32.3512601,-95.3010624,2,green
Winter Garden,Florida,37711,28.5652787,-81.5861847,3,yellow
Waco,Texas,129030,31.549333,-97.1466695,4,red
Martinez,California,37165,38.0193657,-122.1341321,1,black
Thousand Oaks,California,128731,34.1705609,-118.8375937,2,green
Azusa,California,47842,34.1336186,-117.9075627,3,green
Bridgeport,Connecticut,147216,41.1865478,-73.1951767,4,yellow
St. Louis Park,Minnesota,47411,44.9597376,-93.3702186,1,red
Chesterfield,Missouri,47749,38.6631083,-90.5770675,2,black
Greenacres,Florida,38696,26.6276276,-80.1353896,3,green
Pasco,Washington,67599,46.2395793,-119.1005657,4,yellow
Torrance,California,147478,33.8358492,-118.3406288,1,red
Madison,Wisconsin,243344,43.0730517,-89.4012302,2,black
Janesville,Wisconsin,63820,42.6827885,-89.0187222,3,green
Waukegan,Illinois,88826,42.3636331,-87.8447938,4,yellow
Bowling Green,Kentucky,61488,36.9685219,-86.4808043,1,red
Arlington,Texas,379577,32.735687,-97.1080656,2,black
Lewisville,Texas,101074,33.046233,-96.994174,3,green
Farmington,New Mexico,45426,36.7280583,-108.2186856,4,green
Oakley,California,38194,37.9974219,-121.7124536,1,yellow
Palo Alto,California,66642,37.4418834,-122.1430195,2,red
Springfield,Oregon,60177,44.0462362,-123.0220289,3,black
New Bedford,Massachusetts,95078,41.6362152,-70.934205,4,green
Redmond,Washington,57530,47.6739881,-122.121512,1,yellow
Brentwood,California,55000,37.931868,-121.6957863,2,red
Davis,California,66205,38.5449065,-121.7405167,3,black
La Mirada,California,49133,33.9172357,-118.0120086,4,green
Smyrna,Tennessee,43060,35.9828412,-86.5186045,1,yellow
Altoona,Pennsylvania,45796,40.5186809,-78.3947359,2,red
Dothan,Alabama,68001,31.2232313,-85.3904888,3,black
East Orange,New Jersey,64544,40.767323,-74.2048677,4,green
Tinley Park,Illinois,57282,41.5731442,-87.7932939,1,green
Biloxi,Mississippi,44820,30.3960318,-88.8853078,2,yellow
Urbana,Illinois,41752,40.1105875,-88.2072697,3,red
Garden Grove,California,175140,33.7739053,-117.9414477,4,black
Lynwood,California,71371,33.930293,-118.2114603,1,green
Northglenn,Colorado,37499,39.8961821,-104.9811468,2,yellow
Canton,Ohio,72535,40.7989473,-81.378447,3,red
Brookhaven,Georgia,50603,33.8651033,-84.3365917,4,black
Baton Rouge,Louisiana,229426,30.4582829,-91.1403196,1,green
Bristol,Connecticut,60568,41.6717648,-72.9492703,2,yellow
Independence,Missouri,117240,39.0911161,-94.4155068,3,red
Lansing,Michigan,113972,42.732535,-84.5555347,4,black
Orland Park,Illinois,58590,41.6303103,-87.8539425,1,green
Vineland,New Jersey,61050,39.4863773,-75.0259637,2,green
Green Bay,Wisconsin,104779,44.519159,-88.019826,3,yellow
Evanston,Illinois,75570,42.0450722,-87.6876969,4,red
Ocoee,Florida,39172,28.5691677,-81.5439619,1,black
Los Angeles,California,3884307,34.0522342,-118.2436849,2,green
Federal Way,Washington,92734,47.3223221,-122.3126222,3,yellow
West Jordan,Utah,110077,40.6096698,-111.9391031,4,red
Yucaipa,California,52536,34.033625,-117.0430865,1,black
Pittsburgh,Pennsylvania,305841,40.4406248,-79.9958864,2,green
Downey,California,113242,33.9401088,-118.1331593,3,yellow
Cicero,Illinois,84103,41.8455877,-87.7539448,4,red
South Gate,California,95677,33.954737,-118.2120161,1,black
Panama City,Florida,36877,30.1588129,-85.6602058,2,green
Joplin,Missouri,50789,37.0842271,-94.513281,3,green
League City,Texas,90983,29.5074538,-95.0949303,4,yellow
Salt Lake City,Utah,191180,40.7607793,-111.8910474,1,red
Fort Pierce,Florida,43074,27.4467056,-80.3256056,2,black
Phoenix,Arizona,1513367,33.4483771,-112.0740373,3,green
Corvallis,Oregon,55298,44.5645659,-123.2620435,4,yellow
Cedar Hill,Texas,46663,32.5884689,-96.9561152,1,red
Chicopee,Massachusetts,55717,42.1487043,-72.6078672,2,black
Ocala,Florida,57468,29.1871986,-82.1400923,3,green
Roswell,Georgia,94034,34.0232431,-84.3615555,4,yellow
Park Ridge,Illinois,37839,42.0111412,-87.8406192,1,red
Concord,New Hampshire,42419,43.2081366,-71.5375718,2,black
Olympia,Washington,48338,47.0378741,-122.9006951,3,green
Huntington Beach,California,197575,33.660297,-117.9992265,4,green
Corpus Christi,Texas,316381,27.8005828,-97.396381,1,yellow
Haverhill,Massachusetts,62088,42.7762015,-71.0772796,2,red
Hanover Park,Illinois,38510,41.9994722,-88.1450735,3,black
Cambridge,Massachusetts,107289,42.3736158,-71.1097335,4,green
Glendale,Arizona,234632,33.5386523,-112.1859866,1,yellow
Stanton,California,38623,33.8025155,-117.9931165,2,red
Summerville,South Carolina,46074,33.0185039,-80.1756481,3,black
Davenport,Iowa,102157,41.5236437,-90.5776367,4,green
Boca Raton,Florida,89407,26.3683064,-80.1289321,1,yellow
New Britain,Connecticut,72939,41.6612104,-72.7795419,2,red
Roseville,Michigan,47555,42.4972583,-82.9371409,3,black
Cleveland Heights,Ohio,45394,41.5200518,-81.556235,4,green
Gresham,Oregon,109397,45.5001357,-122.4302013,1,green
Lauderhill,Florida,69813,26.1403635,-80.2133808,2,yellow
Hendersonville,Tennessee,54068,36.3047735,-86.6199957,3,red
Santa Clara,California,120245,37.3541079,-121.9552356,4,black
Oceanside,California,172794,33.1958696,-117.3794834,1,green
Lake Forest,California,79312,33.6469661,-117.689218,2,yellow
Novi,Michigan,57960,42.48059,-83.4754913,3,red
West New York,New Jersey,52122,40.7878788,-74.0143064,4,black
Everett,Massachusetts,42935,42.40843,-71.0536625,1,green
Linden,New Jersey,41301,40.6220478,-74.2445902,2,yellow
Asheville,North Carolina,87236,35.5950581,-82.5514869,3,red
Compton,California,97877,33.8958492,-118.2200712,4,black